フリガナ(姓),フリガナ(名),姓名,出身地,生年月日,メールアドレス,電話番号,URL,乱数番号,DATETIME(日時)
マエジマ,アマネ,前島 天音,愛知県,1974/12/2,XFdM7@test.com,090-8772-2423,http://test.net,8995,1987/1/8 11:31:06
カシタニ,アンナ,粕谷 安奈,滋賀県,1990/11/25,T58BB@sample.co.jp,090-5672-5641,http://test.org,6862,2005/5/13 3:40:01
ヤマギシ,トキオ,山岸 時男,大阪府,1986/1/15,GtVqi@sample.com,080-7983-1894,http://test.net,2583,1995/4/25 21:48:57
スガノ,シホ,菅野 志歩,岩手県,2000/2/6,qQvl68@test.net,080-0100-0494,http://sample.jp,597,1986/2/9 23:09:03
タカミ,ミエコ,高見 美恵子,山形県,1986/4/14,x5TIAmA@test.net,080-0000-9474,http://sample.net,22,2002/2/17 2:50:33
ヤマニシ,フウカ,山西 楓香,香川県,1966/2/6,Qk0po@example.co.jp,090-0357-4322,http://sample.net,5846,1989/12/8 3:18:32
クマガイ,カエデ,熊谷 花楓,宮城県,1997/8/23,UDH66Ed7x@test.org,090-0248-8459,http://example.co.jp,911,1997/11/21 7:10:49
クワノ,ユキナ,桑野 雪菜,熊本県,1975/9/5,sE3SZGdyYR@sample.org,080-6436-5740,http://sample.jp,1525,2010/7/12 5:30:13
ミナミノ,カズマサ,南野 一正,宮城県,1961/4/8,ptwZy@test.com,090-7320-5364,http://example.org,7411,2013/7/6 8:14:36
クマダ,アキコ,熊田 晶子,岩手県,1988/1/1,iIZpYoyOi@test.co.jp,090-2377-0084,http://example.net,4834,1971/2/20 12:04:26
ニイキ,サアヤ,新城 紗彩,秋田県,1968/1/10,WsyRTKtZI@sample.net,080-8368-1418,http://test.net,7208,1995/2/25 13:01:16
マツバ,シゲユキ,松葉 重行,新潟県,1989/5/12,oaOVQ@sample.co.jp,090-5426-0143,http://sample.com,2180,2005/3/10 0:22:21
タナベ,サヤカ,田部 清佳,長野県,1996/9/5,iyqX03aiR@sample.com,090-3311-7010,http://example.net,3251,1994/9/3 13:42:26
イシヅ,ハルミ,石津 晴美,群馬県,1972/4/2,BRS_0LPnfq@test.jp,090-1593-8895,http://example.com,9966,1996/9/3 15:56:40
ナカタ,ノリユキ,仲田 矩之,三重県,1986/3/15,EIbIxue9U@test.jp,080-6321-0158,http://example.com,9758,1981/12/24 13:14:30
タテイシ,チエ,立石 千絵,滋賀県,2001/9/14,eMXXvdJ@test.jp,090-5024-8288,http://test.co.jp,1918,2001/4/3 0:23:23
サコ,ルカ,佐古 瑠花,岐阜県,2008/10/25,XDk7Gt@example.co.jp,080-0155-6036,http://sample.jp,6032,1991/6/6 21:49:00
フナツ,マユ,船津 真結,福井県,1992/7/10,WdfEob6@sample.jp,090-0614-0948,http://test.com,3968,1997/8/15 4:11:42
ナカガキ,エミ,中垣 栄美,鳥取県,1971/4/9,PDfxweopb@test.com,090-4586-3085,http://example.jp,2233,2001/11/24 16:57:48
セイケ,リオン,清家 莉音,徳島県,2010/5/20,adtwUc@sample.org,090-2555-0832,http://sample.org,1840,1998/7/2 18:02:50
ヒラハラ,コウジ,平原 浩次,山梨県,1981/7/20,UBtJS@example.jp,090-2962-0586,http://test.org,6266,2012/10/15 0:39:26
イツシマ,トオル,五島 享,愛知県,1979/9/26,M9OF0P@sample.org,090-4290-5504,http://sample.org,161,1997/10/15 12:47:48
シロト,ケイイチ,城戸 圭一,徳島県,1956/3/8,l7FKm4xN4@sample.net,080-6767-6630,http://sample.org,8969,1998/6/28 0:22:26
サイトウ,ミツオ,斉藤 光男,京都府,1981/7/20,Bu1bhCvC@test.jp,090-5880-6392,http://test.jp,5143,2008/2/11 0:25:17
カワシマ,サトコ,河島 砂登子,富山県,1971/3/25,dsrby@test.net,090-8321-6108,http://sample.com,1217,1979/6/14 21:38:03
マツタニ,トオル,松谷 徹,奈良県,1992/3/30,vTrMRux@test.co.jp,080-8293-8150,http://sample.com,7949,1970/4/14 4:19:41
ミゾガミ,アイカ,溝上 愛華,兵庫県,1963/8/25,TteNyLv@test.jp,090-5746-1628,http://test.co.jp,7573,2006/8/8 13:55:52
マツナガ,エイジ,松永 永二,高知県,1959/10/21,R6euD@sample.jp,080-0276-0529,http://test.com,3036,1985/2/28 3:25:18
オオガミ,マユ,大上 真由,群馬県,2004/12/30,WvXGS@test.com,080-3620-7227,http://example.org,9936,2000/9/17 15:54:33
マエハラ,トキオ,前原 時夫,青森県,1995/5/28,Be4PlsAy@test.co.jp,080-7549-0328,http://test.jp,9145,1985/5/7 16:16:33
ワクイ,アイリ,涌井 愛理,香川県,1985/3/30,fjAxt@sample.jp,090-9453-7001,http://sample.co.jp,3824,2006/9/28 18:25:30
フジイ,イクオ,藤井 育男,徳島県,1996/11/27,j8yHLuJHh@example.co.jp,080-4728-7715,http://example.org,5059,1980/10/31 19:19:51
グンジ,ユイ,郡司 優依,佐賀県,1983/8/26,CKQhcPbZ@test.org,080-2453-2156,http://example.com,1814,1983/9/5 19:57:30
イワカミ,ミチオ,岩上 道雄,愛知県,1971/7/27,hvD6faA3w@example.org,080-9835-1373,http://example.org,7445,1971/11/21 4:23:03
エガシラ,ヒロシ,江頭 寛,神奈川県,1975/9/8,b5clhYQ@sample.com,080-3574-8802,http://example.net,3131,1989/8/28 22:19:40
タケザワ,リホ,竹沢 理穂,和歌山県,2005/2/23,AyLGgbE@example.com,090-1172-8122,http://sample.net,2386,1995/12/30 2:03:39
カノウ,マコト,加納 誠,京都府,1979/8/16,P5dtRq@test.net,090-3255-9748,http://example.jp,4700,1983/10/12 8:36:24
ワクイ,ノア,涌井 乃愛,鹿児島県,1982/4/16,xDVnyP@sample.com,080-3734-0522,http://test.com,2509,2004/11/2 5:50:18
タドコロ,トミコ,田所 登美子,鹿児島県,1983/1/28,waGhjMx@example.net,080-1125-2984,http://sample.net,9619,1978/11/10 12:29:27
セトグチ,シンイチ,瀬戸口 新一,滋賀県,1982/4/14,FX4CBeg@sample.jp,080-9996-6586,http://test.com,6775,1972/10/30 19:05:37
オオクボ,モリオ,大久保 盛雄,福岡県,1995/5/11,AHvFbrKB@sample.com,080-3483-6656,http://example.co.jp,8756,1979/2/1 20:23:34
イチヘ,トシコ,一戸 俊子,新潟県,1989/1/7,OQDML2eISE@test.net,080-7456-4171,http://test.co.jp,6881,1990/1/1 18:32:02
ユウキ,カナコ,結城 佳奈子,愛知県,1982/7/20,NeqOKTOrb@example.co.jp,080-8709-2013,http://test.co.jp,2651,2000/7/4 19:07:46
オジマ,ショウコ,小嶋 祥子,福島県,1963/1/8,OX7kYWF@sample.jp,090-0043-4125,http://test.net,5759,1986/4/27 20:09:47
イシクロ,エイジ,石黒 英二,宮崎県,1975/2/16,CVlAATwK@sample.com,090-3840-7716,http://sample.net,9208,1998/7/27 1:15:11
フジシマ,アイナ,藤島 愛菜,徳島県,1973/7/26,hC7XKBqZ@example.co.jp,080-2622-7620,http://test.com,6026,1977/2/21 2:10:15
タマイ,セイイチロウ,玉井 清一郎,秋田県,1982/5/25,l8NcDFr3x@example.org,090-8375-8729,http://sample.net,9591,1982/2/16 17:12:03
オイエ,キミ,大家 希美,青森県,1981/1/12,t_yGde@example.net,080-7576-3049,http://sample.com,3777,2012/10/30 1:38:35
マツイ,トモヒコ,松井 友彦,山口県,1975/12/15,g7zC7Oyqo@sample.net,080-5274-5274,http://test.net,9398,2001/9/8 17:15:00
サワイ,ユイコ,沢井 結子,茨城県,1987/12/23,LP59GVa@sample.com,090-5908-4827,http://test.com,7728,2014/7/14 5:26:48
ヤシロ,カズエ,八代 和枝,埼玉県,1961/9/3,I5EkA@sample.co.jp,090-3707-3781,http://sample.co.jp,3613,1978/5/31 17:39:44
オオタニ,カツミ,大谷 勝美,東京都,1971/4/15,eCjGU0Fu@example.com,080-1619-3081,http://test.co.jp,1258,2000/8/17 16:31:50
ツガワ,コウジ,津川 幸二,宮崎県,1959/12/28,x7HM06q@test.co.jp,080-0178-7504,http://sample.net,542,2015/12/22 1:16:19
ニシザワ,カツジ,西沢 勝次,山梨県,1985/10/30,e0VrlZpqQE@sample.org,080-8611-5658,http://example.jp,303,1981/3/13 13:02:27
ヤマノ,ワカナ,山野 若菜,熊本県,1988/6/30,Dgb_IC_3Cr@example.net,080-9226-9481,http://sample.org,5747,1975/6/13 16:12:29
タキサワ,カナ,滝沢 加奈,佐賀県,1969/8/3,MqdCktoO@sample.net,090-9980-4864,http://test.com,7832,1972/2/28 15:12:38
イマエダ,リョウゾウ,今枝 良三,鳥取県,1959/12/14,UN9PG@test.net,080-3272-3500,http://sample.jp,6909,1986/3/21 12:46:40
キタモト,キンジ,北本 金治,山口県,1969/4/4,O3sSoYc9@sample.net,080-9817-0436,http://sample.org,6418,2009/10/20 23:37:57
ミヅコシ,ヒナ,水越 比奈,群馬県,1968/2/12,OF3Ya5@sample.net,090-1313-9890,http://test.co.jp,1539,1991/3/10 5:34:23
アラタ,ヒロユキ,新田 博之,滋賀県,1997/7/14,XBQ2q1NR3@sample.com,090-6922-0875,http://sample.net,4245,1990/12/12 23:42:41
フルヤ,シンジ,古家 信二,鳥取県,1962/9/11,YqU6xZVL@test.com,080-5967-3264,http://sample.net,3690,1992/7/16 20:16:55
チュウジョウ,ハルヤス,中上 陽保,青森県,1962/1/1,a0MS2tpr@example.org,090-9977-7689,http://example.org,2825,2005/6/2 21:33:40
ツチゴエ,ハルナ,土肥 陽菜,山梨県,2003/8/21,SB0zv71v3Q@test.com,080-9719-9597,http://sample.com,4888,2011/10/18 11:33:26
イワカワ,タケジ,岩川 武治,大分県,2006/9/28,bBGzBHoaMi@sample.jp,090-0810-4133,http://test.org,5850,2008/7/17 23:53:49
フジシロ,テルコ,藤代 輝子,大分県,1964/10/18,G285Z8o@test.co.jp,080-5016-4631,http://example.co.jp,2942,2010/1/19 16:22:03
コウムラ,トシヒト,高村 敏仁,福島県,1973/8/14,E22JFVMj@sample.jp,080-7505-5055,http://test.org,8839,2012/9/23 12:19:38
アキモト,ミノル,秋元 実,長野県,1974/7/11,iApYR0@test.co.jp,090-7471-2454,http://test.net,1258,1991/8/5 11:16:33
ナカニシ,マイコ,中西 舞子,京都府,1961/5/28,e6jo_fakbr@test.com,080-7315-6508,http://test.com,9707,2017/7/23 10:46:08
サイトウ,シノ,齊藤 詩乃,長野県,1976/3/10,R6dkfR@sample.com,080-9280-1814,http://example.net,4633,2007/5/21 4:52:35
ミサワ,ユキコ,三沢 由紀子,和歌山県,1984/12/30,L6MOZVGbLS@test.net,080-5580-6135,http://sample.org,5416,2012/10/4 16:44:46
スエツグ,ケイイチ,末次 圭一,静岡県,1978/5/9,B_v6E3@test.org,090-8522-5513,http://test.net,6341,2001/7/3 0:36:34
クマモト,ユリ,熊本 百合,高知県,1975/2/15,DPEyajbM@example.org,080-6520-4605,http://sample.org,7609,1988/1/2 2:53:23
コモト,リョウヘイ,古本 良平,徳島県,1969/8/24,LuohP@test.com,080-3224-9205,http://example.jp,9421,1986/2/14 10:47:56
セキカワ,トモユキ,関川 智之,神奈川県,1990/9/9,LUbZq5Cr@sample.jp,090-6215-1256,http://test.org,3283,1982/11/25 21:56:48
スエツグ,ヒロユキ,末次 宏之,岐阜県,1993/3/18,D6um1@example.org,080-1224-7127,http://sample.org,6448,2003/12/17 18:24:32
シンクラ,ヤスオ,新倉 安雄,群馬県,1976/1/8,xWTUH3dD@example.org,080-5587-5401,http://example.net,9210,1999/9/15 19:37:12
ユウキ,ユア,結城 結愛,千葉県,1963/7/3,qKeuL@test.jp,080-2278-9788,http://example.net,1858,1992/2/26 9:39:36
ドウカ,サチコ,道下 幸子,愛知県,1984/5/7,IovekJ3Dj@sample.co.jp,080-9963-6578,http://sample.org,789,1975/3/18 8:39:53
イソザキ,アカリ,磯崎 朱里,三重県,2002/1/27,AnmVAAhH_O@test.jp,080-1843-8489,http://sample.co.jp,6491,1979/11/5 13:43:25
コザワ,ハルオ,古沢 治夫,奈良県,1958/10/29,Xe27TKc@sample.com,090-9673-6153,http://sample.net,3277,1985/6/2 8:14:57
シツハラ,ユウカ,漆原 優華,島根県,1988/7/10,jbqqOhFwv8@test.jp,090-5832-5473,http://test.co.jp,6230,1989/7/16 6:17:28
アカイケ,リン,赤池 鈴,岡山県,2002/9/15,S9ZQlDw@example.jp,090-9489-2009,http://test.net,9936,2010/9/11 10:13:41
イケウチ,イクコ,池内 郁子,大阪府,1969/5/11,ks2iZSvzf@test.jp,080-0967-2822,http://example.org,1241,1984/8/6 7:32:46
コハタ,シンキチ,小幡 信吉,愛知県,1983/1/29,Ml11iy3@test.co.jp,090-5378-8663,http://sample.org,1918,2005/12/29 11:41:08
コウツカ,ユキマサ,高塚 幸真,長野県,1973/3/23,obdg2e98G@example.co.jp,090-9145-7031,http://test.org,4870,2006/11/25 4:20:12
ヤナギハラ,ヒナノ,柳原 陽菜乃,岐阜県,2002/6/11,e6cVESFd@test.com,080-7825-9700,http://example.com,1018,1998/10/12 21:05:01
コダマ,サヤカ,児玉 清佳,群馬県,1972/5/2,J4oLx_bx@test.com,090-6989-9955,http://test.co.jp,9219,2008/3/31 12:40:24
タブチ,カズヒロ,田淵 一宏,栃木県,1955/1/25,MpnHld0w@sample.co.jp,090-4056-5576,http://sample.co.jp,6472,2002/7/28 20:34:07
ヒロタ,マサミ,広田 雅美,群馬県,1981/9/19,gU5jvfw@test.co.jp,090-7927-8634,http://test.jp,4159,2003/10/18 17:02:28
イシハラ,マオ,石原 真央,福島県,1978/6/11,EJCr0@example.com,080-2542-7519,http://test.net,7894,1970/6/14 20:29:28
コハタ,リカ,小畑 利佳,高知県,1981/1/23,F1KSuIl@test.net,090-2774-8016,http://example.co.jp,4537,2015/10/24 15:57:56
タウエ,ヨシノリ,田上 義則,大阪府,1978/12/8,yCLII3@sample.com,080-2752-2753,http://test.org,3398,2018/3/23 13:18:28
ナガトモ,アキラ,長友 亮,兵庫県,1984/3/27,L4JUS8pjFP@test.jp,090-6128-1748,http://example.com,504,2016/2/6 14:59:33
コキ,ヒジリ,古木 聖,静岡県,1978/6/14,i_OJDOvCb@example.co.jp,090-2816-8205,http://sample.com,7677,1998/7/8 23:24:19
ヨシオカ,ココア,吉岡 心愛,福岡県,2002/5/20,JFTHOl3k@test.org,080-4425-9308,http://sample.com,9538,2011/2/12 16:12:53
カサマツ,キンノスケ,笠松 金之助,山口県,1994/7/16,htNFe@sample.co.jp,090-4061-9062,http://example.jp,5190,1994/3/26 11:00:17
ツノ,マユ,津野 麻由,岡山県,1986/1/9,IjqVW@sample.co.jp,090-6344-3648,http://sample.org,3644,1993/6/7 16:02:24
オザワ,マサオ,小澤 雅雄,神奈川県,1974/11/3,c8U85@test.com,090-6707-9251,http://test.co.jp,7198,2001/6/6 22:26:38
キタニ,トシタダ,木谷 利忠,茨城県,1997/2/10,KYJyulJmA@sample.net,090-1108-5188,http://example.org,7426,1972/7/16 4:19:29
キザキ,ケンスケ,木崎 堅助,新潟県,2009/11/16,gSte4l@example.jp,080-7202-4611,http://sample.jp,6845,2012/2/21 8:14:09